{
  "per_query": {
    "BASELINE": {
      "ndcg": [
        0.14169830436783482,
        0.3104125031737881,
        0.10618111291975603,
        0.39725108486964084,
        0.15248845969016311,
        0.04236776600349706,
        0.0,
        0.28148534440926104,
        0.0,
        0.11273910210581232
      ],
      "mrr": [
        0.5,
        0.5,
        0.3333333333333333,
        1.0,
        0.5,
        0.1111111111111111,
        0.0,
        1.0,
        0.0,
        0.3333333333333333
      ],
      "precision": [
        0.2,
        0.4,
        0.2,
        0.6,
        0.2,
        0.1,
        0.0,
        0.2,
        0.0,
        0.2
      ],
      "recall": [
        0.1,
        0.2222222222222222,
        0.08695652173913043,
        0.3,
        0.1111111111111111,
        0.05263157894736842,
        0.0,
        0.10526315789473684,
        0.0,
        0.1111111111111111
      ],
      "ap": [
        0.5,
        0.6220238095238095,
        0.30952380952380953,
        0.7051587301587302,
        0.45,
        0.1111111111111111,
        0.0,
        0.8333333333333333,
        0.0,
        0.2777777777777778
      ],
      "hit_rate": [
        1.0,
        1.0,
        1.0,
        1.0,
        1.0,
        1.0,
        0.0,
        1.0,
        0.0,
        1.0
      ]
    },
    "RERANKED": {
      "ndcg": [
        0.21768896632317528,
        0.534957080492414,
        0.2224886890423695,
        0.28470467171312874,
        0.20778411473733654,
        0.25179776440329277,
        0.0,
        0.37853311984954907,
        0.0,
        0.2295414116956865
      ],
      "mrr": [
        1.0,
        1.0,
        1.0,
        1.0,
        1.0,
        1.0,
        0.0,
        1.0,
        0.0,
        1.0
      ],
      "precision": [
        0.2,
        0.6,
        0.3,
        0.3,
        0.2,
        0.3,
        0.0,
        0.4,
        0.0,
        0.2
      ],
      "recall": [
        0.1,
        0.3333333333333333,
        0.13043478260869565,
        0.15,
        0.1111111111111111,
        0.15789473684210525,
        0.0,
        0.21052631578947367,
        0.0,
        0.1111111111111111
      ],
      "ap": [
        1.0,
        0.762037037037037,
        0.625,
        0.5873015873015873,
        0.7,
        0.6555555555555556,
        0.0,
        0.6845238095238095,
        0.0,
        1.0
      ],
      "hit_rate": [
        1.0,
        1.0,
        1.0,
        1.0,
        1.0,
        1.0,
        0.0,
        1.0,
        0.0,
        1.0
      ]
    },
    "EXPAND+RERANK": {
      "ndcg": [
        0.13347537859706932,
        0.49694072237809017,
        0.38173509367052144,
        0.24210359411289292,
        0.46665459881587884,
        0.2111140083069458,
        0.0,
        0.30637118122844265,
        0.0,
        0.3308397374311755
      ],
      "mrr": [
        1.0,
        1.0,
        0.5,
        1.0,
        1.0,
        1.0,
        0.0,
        1.0,
        0.0,
        1.0
      ],
      "precision": [
        0.1,
        0.6,
        0.5,
        0.3,
        0.5,
        0.2,
        0.0,
        0.3,
        0.0,
        0.4
      ],
      "recall": [
        0.05,
        0.3333333333333333,
        0.21739130434782608,
        0.15,
        0.2777777777777778,
        0.10526315789473684,
        0.0,
        0.15789473684210525,
        0.0,
        0.2222222222222222
      ],
      "ap": [
        1.0,
        0.625925925925926,
        0.6166666666666666,
        0.6095238095238095,
        0.7642857142857142,
        0.8333333333333333,
        0.0,
        0.625,
        0.0,
        0.7875
      ],
      "hit_rate": [
        1.0,
        1.0,
        1.0,
        1.0,
        1.0,
        1.0,
        0.0,
        1.0,
        0.0,
        1.0
      ]
    }
  },
  "summary": {
    "BASELINE_NDCG@10": 0.15446236775397532,
    "RERANKED_NDCG@10": 0.23274958182569522,
    "EXPAND+RERANK_NDCG@10": 0.2569234314541017,
    "BASELINE_MRR@10": 0.42777777777777776,
    "RERANKED_MRR@10": 0.8,
    "EXPAND+RERANK_MRR@10": 0.75,
    "BASELINE_P@10": 0.21000000000000002,
    "RERANKED_P@10": 0.25,
    "EXPAND+RERANK_P@10": 0.29,
    "BASELINE_Recall@10": 0.108929570302568,
    "RERANKED_Recall@10": 0.13044113907958302,
    "EXPAND+RERANK_Recall@10": 0.15138825324180014,
    "BASELINE_MAP@10": 0.38089285714285714,
    "RERANKED_MAP@10": 0.6014417989417989,
    "EXPAND+RERANK_MAP@10": 0.586223544973545,
    "BASELINE_Hit Rate": 0.8,
    "RERANKED_Hit Rate": 0.8,
    "EXPAND+RERANK_Hit Rate": 0.8
  }
}